{"success_rate": {"0": 0.0, "1": 0.0, "2": 0.0}, "ave_turns": {"0": 42.0, "1": 39.52, "2": 24.04}, "ave_reward": {"0": -60.0, "1": -58.76, "2": -51.02}, "use_world_model": {}, "agent_world_model_buffer_size": {"0": 40, "1": 80, "2": 120}, "agent_user_buffer_size": {"0": 410, "1": 420, "2": 430}, "discriminator_loss": {"2": 19.335242531516336}, "world_model_loss": {"0": 1.0275229411000595, "1": 0.7984227487928324, "2": 0.7565837026069668}, "world_model_buffer_size": {"0": 421, "1": 487, "2": 558}}