{"success_rate": {"0": 0.0, "1": 0.0, "2": 0.0, "3": 0.0, "4": 0.0, "5": 0.0, "6": 0.0, "7": 0.0, "8": 0.0}, "ave_turns": {"0": 42.0, "1": 41.6, "2": 32.88, "3": 41.72, "4": 26.8, "5": 4.0, "6": 4.0, "7": 24.24, "8": 38.6}, "ave_reward": {"0": -60.0, "1": -59.8, "2": -55.44, "3": -59.86, "4": -52.4, "5": -41.0, "6": -41.0, "7": -51.12, "8": -58.3}, "use_world_model": {}, "agent_world_model_buffer_size": {"0": 40, "1": 80, "2": 120, "3": 160, "4": 200, "5": 240, "6": 280, "7": 320, "8": 360}, "agent_user_buffer_size": {"0": 410, "1": 420, "2": 430, "3": 440, "4": 450, "5": 460, "6": 470, "7": 480, "8": 490}, "discriminator_loss": {"2": 20.405457814534504, "3": 15.298545837402344, "4": 14.49010326244213, "5": 10.168037488622574, "6": 8.774154940518466, "7": 7.618446471199157, "8": 11.846710689484127}, "world_model_loss": {"0": 0.7749307591671615, "1": 0.8864782104492187, "2": 0.9542478531125992, "3": 0.8381486415130568, "4": 0.8787528862387447, "5": 0.6628989962583088, "6": 0.5613157117688978, "7": 0.6701875036575374, "8": 0.4286827218191964}, "world_model_buffer_size": {"0": 421, "1": 500, "2": 567, "3": 651, "4": 708, "5": 724, "6": 740, "7": 801, "8": 875}}